RECORDNO,ACCOUNTNO,TITLE,ACCOUNTTYPE,NORMALBALANCE,CLOSINGTYPE,REQUIREDEPT,REQUIRELOC,TAXABLE,CATEGORY,CATEGORYKEY,TAXCODE,MRCCODE,CLOSETOACCTKEY,ALTERNATIVEACCOUNT,SUBLEDGERCONTROLON,STATUS,WHENMODIFIED,WHENCREATED,CREATEDBY,MODIFIEDBY,MEGAENTITYKEY,MEGAENTITYID,MEGAENTITYNAME,REQUIREPROJECT,REQUIRECUSTOMER,REQUIREVENDOR,REQUIREEMPLOYEE,REQUIREITEM,REQUIRECLASS,REQUIRETASK,REQUIREWAREHOUSE,REQUIRECOSTTYPE,ddsReadTime
1,10000,"Cash and Equivalents","balancesheet","debit","non-closing account",false,false,false,"Cash and Cash Equivalents",50,,,,"None",false,"active",2022-05-10T01:58:07Z,2020-06-24T17:34:08Z,5,11,,,,false,false,false,false,false,false,false,false,false,2024-07-11T11:02:51Z
2,20000,"Accounts Payable","balancesheet","debit","non-closing account",false,false,false,"Accounts Payable",207,,,,"None",false,"active",2024-03-19T20:51:16Z,2020-06-24T17:34:26Z,5,79,,,,false,false,false,false,false,false,false,false,false,2024-07-11T11:02:51Z
3,12000,"Intercompany Accounts Receivable","balancesheet","debit","non-closing account",false,false,false,"Accounts Receivable",206,,,,"None",false,"active",2022-05-10T01:58:07Z,2020-06-24T17:34:41Z,5,11,,,,false,false,false,false,false,false,false,false,false,2024-07-11T11:02:51Z
4,10900,"Undeposited Funds","balancesheet","debit","non-closing account",false,false,false,"Cash and Cash Equivalents",50,,,,"None",false,"active",2022-05-10T01:58:07Z,2020-07-06T18:12:05Z,5,11,,,,false,false,false,false,false,false,false,false,false,2024-07-11T11:02:51Z
11,11000,"Accounts Receivable","balancesheet","debit","non-closing account",false,false,false,"Accounts Receivable",206,,,,"None",false,"active",2024-03-19T20:51:00Z,2020-07-06T19:06:02Z,5,79,,,,false,false,false,false,false,false,false,false,false,2024-07-11T11:02:51Z
12,11010,"Allowance for Bad Debt","balancesheet","debit","non-closing account",false,false,false,"Accounts Receivable",206,,,,"None",false,"active",2022-05-10T01:58:07Z,2020-07-06T19:06:02Z,5,11,,,,false,false,false,false,false,false,false,false,false,2024-07-11T11:02:51Z
13,11020,"Accounts Receivable Other","balancesheet","debit","non-closing account",false,false,false,"Accounts Receivable",206,,,,"None",false,"active",2020-07-06T19:06:03Z,2020-07-06T19:06:03Z,5,5,,,,false,false,false,false,false,false,false,false,false,2024-07-11T11:02:51Z
14,11060,"Accounts Receivable - Vendor Rebates Clearing","balancesheet","debit","non-closing account",false,false,false,"Accounts Receivable",206,,,,"None",false,"active",2022-05-10T01:58:07Z,2020-07-06T19:06:03Z,5,11,,,,false,false,false,false,false,false,false,false,false,2024-07-11T11:02:51Z
18,13000,"Prepaid Insurance","balancesheet","debit","non-closing account",false,false,false,"Prepaid Expenses",54,,,,"None",false,"active",2023-05-22T21:01:47Z,2020-07-06T19:06:03Z,5,29,,,,false,false,false,false,false,false,false,false,false,2024-07-11T11:02:51Z
19,14000,"Inventory","balancesheet","debit","non-closing account",false,false,false,"Inventory",5,,,,"None",false,"active",2022-05-10T01:58:07Z,2020-07-06T19:06:03Z,5,11,,,,false,false,false,false,false,false,false,false,false,2024-07-11T11:02:51Z
20,14900,"Inventory Clearing","balancesheet","debit","non-closing account",false,false,false,"Inventory",5,,,,"None",false,"active",2022-05-10T01:58:07Z,2020-07-06T19:06:03Z,5,11,,,,false,false,false,false,false,false,false,false,false,2024-07-11T11:02:51Z
21,15000,"Furniture & Fixtures","balancesheet","debit","non-closing account",false,false,false,"Fixed Assets",58,,,,"None",false,"active",2022-05-10T01:58:07Z,2020-07-06T19:06:03Z,5,11,,,,false,false,false,false,false,false,false,false,false,2024-07-11T11:02:51Z
22,15010,"Office Equipment","balancesheet","debit","non-closing account",false,false,false,"Fixed Assets",58,,,,"None",false,"active",2022-05-10T01:58:07Z,2020-07-06T19:06:03Z,5,11,,,,false,false,false,false,false,false,false,false,false,2024-07-11T11:02:51Z
23,15020,"Vehicles","balancesheet","debit","non-closing account",false,false,false,"Fixed Assets",58,,,,"None",false,"active",2022-05-10T01:58:07Z,2020-07-06T19:06:03Z,5,11,,,,false,false,false,false,false,false,false,false,false,2024-07-11T11:02:51Z
24,15030,"Machinery and Equipment","balancesheet","debit","non-closing account",false,false,false,"Fixed Assets",58,,,,"None",false,"active",2022-05-10T01:58:07Z,2020-07-06T19:06:03Z,5,11,,,,false,false,false,false,false,false,false,false,false,2024-07-11T11:02:51Z
25,15040,"Computer Equipment","balancesheet","debit","non-closing account",false,false,false,"Fixed Assets",58,,,,"None",false,"active",2022-05-10T01:58:07Z,2020-07-06T19:06:03Z,5,11,,,,false,false,false,false,false,false,false,false,false,2024-07-11T11:02:51Z
26,15050,"Software","balancesheet","debit","non-closing account",false,false,false,"Fixed Assets",58,,,,"None",false,"active",2022-05-10T01:58:07Z,2020-07-06T19:06:03Z,5,11,,,,false,false,false,false,false,false,false,false,false,2024-07-11T11:02:51Z
27,15060,"Leasehold Improvements","balancesheet","debit","non-closing account",false,false,false,"Fixed Assets",58,,,,"None",false,"active",2022-05-10T01:58:07Z,2020-07-06T19:06:03Z,5,11,,,,false,false,false,false,false,false,false,false,false,2024-07-11T11:02:51Z
28,16000,"Accum Depr - Furniture & Fixtures","balancesheet","credit","non-closing account",false,false,false,"Accumulated Depreciation",10,,,,"None",false,"active",2023-02-08T21:04:29Z,2020-07-06T19:06:03Z,5,29,,,,false,false,false,false,false,false,false,false,false,2024-07-11T11:02:51Z
29,16010,"Accum Depr - Office Equipment","balancesheet","credit","non-closing account",false,false,false,"Accumulated Depreciation",10,,,,"None",false,"active",2023-02-08T21:04:41Z,2020-07-06T19:06:03Z,5,29,,,,false,false,false,false,false,false,false,false,false,2024-07-11T11:02:51Z
30,16020,"Accum Depr - Vehicles","balancesheet","credit","non-closing account",false,false,false,"Accumulated Depreciation",10,,,,"None",false,"active",2023-02-08T21:04:56Z,2020-07-06T19:06:03Z,5,29,,,,false,false,false,false,false,false,false,false,false,2024-07-11T11:02:51Z
31,16030,"Accum Depr - Machinery and Equipment","balancesheet","credit","non-closing account",false,false,false,"Accumulated Depreciation",10,,,,"None",false,"active",2023-02-08T21:05:07Z,2020-07-06T19:06:03Z,5,29,,,,false,false,false,false,false,false,false,false,false,2024-07-11T11:02:51Z
32,16040,"Accum Depr - Computer Equipment","balancesheet","credit","non-closing account",false,false,false,"Accumulated Depreciation",10,,,,"None",false,"active",2023-02-08T21:05:23Z,2020-07-06T19:06:03Z,5,29,,,,false,false,false,false,false,false,false,false,false,2024-07-11T11:02:51Z
33,16050,"Accum Depr - Software","balancesheet","credit","non-closing account",false,false,false,"Accumulated Depreciation",10,,,,"None",false,"active",2023-02-08T21:05:49Z,2020-07-06T19:06:03Z,5,29,,,,false,false,false,false,false,false,false,false,false,2024-07-11T11:02:51Z
34,16060,"Accum Depr - Leasehold Improvements","balancesheet","credit","non-closing account",false,false,false,"Accumulated Depreciation",10,,,,"None",false,"active",2023-02-08T21:06:04Z,2020-07-06T19:06:03Z,5,29,,,,false,false,false,false,false,false,false,false,false,2024-07-11T11:02:51Z
39,18010,"Goodwill","balancesheet","debit","non-closing account",false,false,false,"Goodwill",49,,,,"None",false,"active",2022-05-10T01:58:07Z,2020-07-06T19:06:03Z,5,11,,,,false,false,false,false,false,false,false,false,false,2024-07-11T11:02:51Z
40,19000,"Other Assets","balancesheet","debit","non-closing account",false,false,false,"Other Current Assets",57,,,,"None",false,"active",2022-05-10T01:58:07Z,2020-07-06T19:06:03Z,5,11,,,,false,false,false,false,false,false,false,false,false,2024-07-11T11:02:51Z
45,22000,"Goods Received not Invoiced (GRNI)","balancesheet","credit","non-closing account",false,false,false,"Other Current Liabilities",21,,,,"None",false,"active",2023-02-08T21:07:48Z,2020-07-06T19:06:03Z,5,29,,,,false,false,false,false,false,false,false,false,false,2024-07-11T11:02:51Z
46,22500,"Refunds Payable Check","balancesheet","credit","non-closing account",false,false,false,"Other Current Liabilities",21,,,,"None",false,"active",2023-02-08T21:07:58Z,2020-07-06T19:06:03Z,5,29,,,,false,false,false,false,false,false,false,false,false,2024-07-11T11:02:51Z
47,22600,"Refunds Payable Credit Card","balancesheet","credit","non-closing account",false,false,false,"Other Current Liabilities",21,,,,"None",false,"active",2023-02-08T21:08:12Z,2020-07-06T19:06:03Z,5,29,,,,false,false,false,false,false,false,false,false,false,2024-07-11T11:02:51Z
48,23000,"Notes Payable - Current Portion","balancesheet","credit","non-closing account",false,false,false,"Loan Payable - Current",126,,,,"None",false,"active",2023-02-08T21:08:24Z,2020-07-06T19:06:03Z,5,29,,,,false,false,false,false,false,false,false,false,false,2024-07-11T11:02:51Z
51,23030,"Accrued Taxes- Sales","balancesheet","credit","non-closing account",false,false,false,"Accrued Taxes",66,,,,"None",false,"active",2020-07-06T19:06:03Z,2020-07-06T19:06:03Z,5,5,,,,false,false,false,false,false,false,false,false,false,2024-07-11T11:02:51Z
53,24000,"Deferred Revenue - Contracts","balancesheet","credit","non-closing account",false,false,false,"Deferred Revenue - Current",67,,,,"None",false,"active",2023-02-08T21:09:46Z,2020-07-06T19:06:03Z,5,29,,,,false,false,false,false,false,false,false,false,false,2024-07-11T11:02:51Z
54,24010,"Deferred","balancesheet","credit","non-closing account",false,false,false,"Deferred Revenue - Current",67,,,,"None",false,"active",2023-05-23T23:19:15Z,2020-07-06T19:06:03Z,5,29,,,,false,false,false,false,false,false,false,false,false,2024-07-11T11:02:51Z
55,24020,"Deferred Revenue - Maintenance","balancesheet","credit","non-closing account",false,false,false,"Deferred Revenue - Current",67,,,,"None",false,"active",2023-05-23T23:18:50Z,2020-07-06T19:06:03Z,5,29,,,,false,false,false,false,false,false,false,false,false,2024-07-11T11:02:51Z
56,24030,"Deferred Revenue - Warranty","balancesheet","credit","non-closing account",false,false,false,"Deferred Revenue - Current",67,,,,"None",false,"active",2023-02-08T21:10:13Z,2020-07-06T19:06:03Z,5,29,,,,false,false,false,false,false,false,false,false,false,2024-07-11T11:02:51Z
73,39000,"Retained Earnings","balancesheet","debit","closed to account",false,false,false,"Retained Earnings",27,,,,"None",false,"active",2024-03-22T14:22:10Z,2020-07-06T19:06:04Z,5,79,,,,false,false,false,false,false,false,false,false,false,2024-07-11T11:02:51Z
74,40010,"Revenue - Services","incomestatement","credit","closing account",true,true,false,"Revenue - Services",222,,,73,"None",false,"active",2023-02-08T21:14:11Z,2020-07-06T19:06:04Z,5,29,,,,false,false,false,false,false,false,false,false,false,2024-07-11T11:02:51Z
75,40020,"Revenue - Installation","incomestatement","credit","closing account",true,true,false,"Revenue - Services",222,,,73,"None",false,"active",2023-02-08T21:43:31Z,2020-07-06T19:06:04Z,5,29,,,,false,false,false,false,false,true,false,false,false,2024-07-11T11:02:51Z
76,40030,"Revenue - Repairs","incomestatement","credit","closing account",true,true,false,"Revenue - Services",222,,,73,"None",false,"active",2023-02-08T21:43:41Z,2020-07-06T19:06:04Z,5,29,,,,false,false,false,false,false,true,false,false,false,2024-07-11T11:02:51Z
77,41000,"Revenue - Contracts","incomestatement","credit","closing account",true,true,false,"Revenue - Services",222,,,73,"None",false,"active",2023-02-08T21:44:26Z,2020-07-06T19:06:04Z,5,29,,,,false,false,false,false,false,true,false,false,false,2024-07-11T11:02:51Z
78,41010,"Revenue - Main. Agree. DNU","incomestatement","credit","closing account",true,true,false,"Revenue - Services",222,,,73,"None",false,"active",2023-10-02T19:16:31Z,2020-07-06T19:06:04Z,5,79,,,,false,false,false,false,false,true,false,false,false,2024-07-11T11:02:51Z
79,41020,"Revenue - Maintenance","incomestatement","credit","closing account",true,true,false,"Revenue - Services",222,,,73,"None",false,"active",2023-10-09T12:04:58Z,2020-07-06T19:06:04Z,5,79,,,,false,false,false,false,false,true,false,false,false,2024-07-11T11:02:51Z
80,42000,"Revenue - Other","incomestatement","credit","closing account",true,true,false,"Revenue - Other",229,,,73,"None",false,"active",2023-06-06T16:51:20Z,2020-07-06T19:06:04Z,5,58,,,,false,false,false,false,false,false,false,false,false,2024-07-11T11:02:51Z
81,42010,"Revenue - Rebates","incomestatement","credit","closing account",true,true,false,"Revenue - Other",229,,,73,"None",false,"active",2023-02-08T21:45:10Z,2020-07-06T19:06:04Z,5,29,,,,false,false,false,false,false,true,false,false,false,2024-07-11T11:02:51Z
82,42030,"Revenue - Discounts (Contra)","incomestatement","debit","closing account",true,true,false,"Revenue - Other",229,,,73,"None",false,"active",2022-05-10T01:58:08Z,2020-07-06T19:06:04Z,5,11,,,,false,false,false,false,false,true,false,false,false,2024-07-11T11:02:51Z
83,42040,"Revenue - Refunds (Contra)","incomestatement","debit","closing account",true,true,false,"Revenue - Other",229,,,73,"None",false,"active",2022-05-10T01:58:08Z,2020-07-06T19:06:04Z,5,11,,,,false,false,false,false,false,true,false,false,false,2024-07-11T11:02:51Z
106,60000,"Brochures","incomestatement","debit","closing account",true,true,false,"Professional Services Expense",168,,,73,"None",false,"active",2022-05-10T01:58:08Z,2020-07-06T19:06:04Z,5,11,,,,false,false,false,false,false,false,false,false,false,2024-07-11T11:02:51Z
116,60100,"Direct Mail","incomestatement","debit","closing account",true,true,false,"Professional Services Expense",168,,,73,"None",false,"active",2022-05-10T01:58:09Z,2020-07-06T19:06:04Z,5,11,,,,false,false,false,false,false,false,false,false,false,2024-07-11T11:02:51Z
124,60550,"Seminars & Meetings","incomestatement","debit","closing account",true,true,false,"Education Expense",159,,,73,"None",false,"active",2020-07-06T19:06:04Z,2020-07-06T19:06:04Z,5,5,,,,false,false,false,false,false,false,false,false,false,2024-07-11T11:02:51Z
126,61000,"Fuel - Management","incomestatement","debit","closing account",true,true,false,"Automobile Expense",86,,,73,"None",false,"active",2022-05-10T01:58:09Z,2020-07-06T19:06:04Z,5,11,,,,false,false,false,false,false,false,false,false,false,2024-07-11T11:02:51Z
136,61100,"Vehicle Leases - Management","incomestatement","debit","closing account",true,true,false,"Automobile Expense",86,,,73,"None",false,"active",2022-05-10T01:58:09Z,2020-07-06T19:06:05Z,5,11,,,,false,false,false,false,false,false,false,false,false,2024-07-11T11:02:51Z
143,62000,"Rent - Operating Lease Expense (ROU)","incomestatement","debit","closing account",true,true,false,"Rent Expense",169,,,73,"None",false,"active",2023-08-30T19:22:26Z,2020-07-06T19:06:05Z,5,60,,,,false,false,false,false,false,false,false,false,false,2024-07-11T11:02:51Z
152,63000,"Auto Insurance","incomestatement","debit","closing account",true,true,false,"Insurance Expense",161,,,73,"None",false,"active",2022-05-10T15:22:56Z,2020-07-06T19:06:05Z,5,11,,,,false,false,false,false,false,false,false,false,false,2024-07-11T11:02:51Z
160,64100,"Computers & IT","incomestatement","debit","closing account",true,true,false,"Computer Processing Expense",93,,,73,"None",false,"active",2022-05-10T15:22:25Z,2020-07-06T19:06:05Z,5,11,,,,false,false,false,false,false,false,false,false,false,2024-07-11T11:02:51Z
167,65000,"Amortization","incomestatement","debit","closing account",false,false,false,"Amortization Expense",85,,,73,"None",false,"active",2023-04-13T16:12:34Z,2020-07-06T19:06:05Z,5,29,,,,false,false,false,false,false,false,false,false,false,2024-07-11T11:02:51Z
170,65030,"Penalties & Fines","incomestatement","debit","closing account",true,true,false,"Credit Card and Other Service Expense",156,,,73,"None",false,"active",2020-07-06T19:06:05Z,2020-07-06T19:06:05Z,5,5,,,,false,false,false,false,false,false,false,false,false,2024-07-11T11:02:51Z
177,67000,"Travel and Lodging","incomestatement","debit","closing account",true,true,false,"Travel Expense",117,,,73,"None",false,"active",2023-05-18T02:11:28Z,2020-07-06T19:06:06Z,5,29,,,,false,false,false,false,false,false,false,false,false,2024-07-11T11:02:51Z
181,68000,"Wages & Salaries - Officers","incomestatement","debit","closing account",true,true,false,"Payroll Expense",105,,,73,"None",false,"active",2022-05-10T01:58:09Z,2020-07-06T19:06:06Z,5,11,,,,false,false,false,false,false,false,false,false,false,2024-07-11T11:02:51Z
182,69000,"Payroll Taxes","incomestatement","debit","closing account",true,true,false,"Payroll Expense",105,,,73,"None",false,"active",2022-05-10T01:58:09Z,2020-07-06T19:06:06Z,5,11,,,,false,false,false,false,false,false,false,false,false,2024-07-11T11:02:51Z
183,70000,"Other Income","incomestatement","credit","closing account",true,true,false,"Other Income",43,,,73,"None",false,"active",2023-02-08T21:46:03Z,2020-07-06T19:06:06Z,5,29,,,,false,false,false,false,false,false,false,false,false,2024-07-11T11:02:51Z
192,80000,"Other Expenses","incomestatement","debit","closing account",true,true,false,"Other Expenses",42,,,73,"None",false,"active",2022-05-10T01:58:09Z,2020-07-06T19:06:06Z,5,11,,,,false,false,false,false,false,false,false,false,false,2024-07-11T11:02:51Z
194,80020,"Sales/Use Tax Expense","incomestatement","debit","closing account",false,true,false,"Other Expenses",42,,,73,"None",false,"active",2020-08-21T15:33:04Z,2020-07-06T19:06:06Z,5,5,,,,false,false,false,false,false,false,false,false,false,2024-07-11T11:02:51Z
275,50010,"COGS - Services","incomestatement","debit","closing account",true,true,false,"Cost of Services Revenue",232,,,73,"None",false,"active",2022-05-10T01:58:08Z,2020-07-06T19:10:58Z,5,11,,,,false,false,false,false,false,true,false,false,false,2024-07-11T11:02:51Z
276,50020,"COGS - Installation","incomestatement","debit","closing account",true,true,false,"Cost of Services Revenue",232,,,73,"None",false,"active",2022-05-10T01:58:08Z,2020-07-06T19:10:58Z,5,11,,,,false,false,false,false,false,true,false,false,false,2024-07-11T11:02:51Z
277,50030,"COGS - Direct Labor","incomestatement","debit","closing account",true,true,false,"Cost of Services Revenue",232,,,73,"None",false,"active",2022-10-05T16:21:35Z,2020-07-06T19:10:58Z,5,30,,,,false,false,false,false,false,false,false,false,false,2024-07-11T11:02:51Z
278,50040,"COGS - Parts","incomestatement","debit","closing account",true,true,false,"Cost of Services Revenue",232,,,73,"None",false,"active",2022-05-10T01:58:08Z,2020-07-06T19:10:58Z,5,11,,,,false,false,false,false,false,true,false,false,false,2024-07-11T11:02:51Z
279,50050,"COGS - Materials","incomestatement","debit","closing account",true,true,false,"Cost of Services Revenue",232,,,73,"None",false,"active",2023-02-23T20:28:15Z,2020-07-06T19:10:58Z,5,11,,,,false,false,false,false,false,true,false,false,false,2024-07-11T11:02:51Z
280,50060,"COGS - Equipment","incomestatement","debit","closing account",true,true,false,"Cost of Services Revenue",232,,,73,"None",false,"active",2022-05-10T01:58:08Z,2020-07-06T19:10:58Z,5,11,,,,false,false,false,false,false,true,false,false,false,2024-07-11T11:02:51Z
281,50070,"COGS - Equipment Rentals","incomestatement","debit","closing account",true,true,false,"Cost of Services Revenue",232,,,73,"None",false,"active",2022-05-10T01:58:08Z,2020-07-06T19:10:58Z,5,11,,,,false,false,false,false,false,true,false,false,false,2024-07-11T11:02:51Z
282,50080,"COGS - Permits","incomestatement","debit","closing account",true,true,false,"Cost of Services Revenue",232,,,73,"None",false,"active",2022-05-10T01:58:08Z,2020-07-06T19:10:58Z,5,11,,,,false,false,false,false,false,true,false,false,false,2024-07-11T11:02:51Z
283,50090,"COGS - Warranty","incomestatement","debit","closing account",true,true,false,"Cost of Services Revenue",232,,,73,"None",false,"active",2022-05-10T01:58:08Z,2020-07-06T19:10:58Z,5,11,,,,false,false,false,false,false,true,false,false,false,2024-07-11T11:02:51Z
284,50100,"COGS - Shipping/Handling/Delivery/Freight","incomestatement","debit","closing account",true,true,false,"Cost of Services Revenue",232,,,73,"None",false,"active",2022-05-10T01:58:08Z,2020-07-06T19:10:58Z,5,11,,,,false,false,false,false,false,true,false,false,false,2024-07-11T11:02:51Z
285,50210,"COGS - Other","incomestatement","debit","closing account",true,true,false,"Cost of Services Revenue",232,,,73,"None",false,"active",2022-05-10T01:58:08Z,2020-07-06T19:10:58Z,5,11,,,,false,false,false,false,false,true,false,false,false,2024-07-11T11:02:51Z
286,50220,"COGS - Rebates","incomestatement","debit","closing account",true,true,false,"Cost of Services Revenue",232,,,73,"None",false,"active",2022-05-10T01:58:08Z,2020-07-06T19:10:58Z,5,11,,,,false,false,false,false,false,true,false,false,false,2024-07-11T11:02:51Z
287,50230,"COGS - DNU","incomestatement","debit","closing account",true,true,false,"Cost of Services Revenue",232,,,73,"None",true,"active",2023-09-26T12:30:18Z,2020-07-06T19:10:58Z,5,79,,,,false,false,false,false,false,true,false,false,false,2024-07-11T11:02:51Z
478,51000,"COGS - Salaries & Wages","incomestatement","debit","closing account",true,true,false,"Cost of Services Revenue",232,,,73,"None",false,"active",2022-05-10T01:58:08Z,2020-07-06T19:16:05Z,5,11,,,,false,false,false,false,false,true,false,false,false,2024-07-11T11:02:51Z
479,51010,"COGS - Bonuses","incomestatement","debit","closing account",true,true,false,"Cost of Services Revenue",232,,,73,"None",false,"active",2022-05-10T01:58:08Z,2020-07-06T19:16:05Z,5,11,,,,false,false,false,false,false,true,false,false,false,2024-07-11T11:02:51Z
480,51020,"COGS - Commissions","incomestatement","debit","closing account",true,true,false,"Cost of Services Revenue",232,,,73,"None",false,"active",2022-10-05T16:24:05Z,2020-07-06T19:16:05Z,5,30,,,,false,false,false,false,false,false,false,false,false,2024-07-11T11:02:51Z
482,51040,"COGS - DNU","incomestatement","debit","closing account",true,true,false,"Cost of Services Revenue",232,,,73,"None",true,"active",2023-06-21T19:12:58Z,2020-07-06T19:16:05Z,5,29,,,,false,false,false,false,false,true,false,false,false,2024-07-11T11:02:51Z
483,51050,"COGS - Retirement","incomestatement","debit","closing account",true,true,false,"Cost of Services Revenue",232,,,73,"None",false,"active",2022-07-06T12:48:10Z,2020-07-06T19:16:05Z,5,29,,,,false,false,false,false,false,true,false,false,false,2024-07-11T11:02:51Z
484,51060,"COGS - Workers Comp","incomestatement","debit","closing account",true,true,false,"Cost of Services Revenue",232,,,73,"None",false,"active",2022-07-06T12:48:41Z,2020-07-06T19:16:05Z,5,29,,,,false,false,false,false,false,false,false,false,false,2024-07-11T11:02:51Z
485,51070,"COGS - Payroll Taxes","incomestatement","debit","closing account",true,true,false,"Cost of Services Revenue",232,,,73,"None",false,"active",2022-05-10T01:58:08Z,2020-07-06T19:16:05Z,5,11,,,,false,false,false,false,false,true,false,false,false,2024-07-11T11:02:51Z
487,59000,"COGS - Inventory Shrinkage/Spoilage/etc","incomestatement","debit","closing account",true,true,false,"Cost of Services Revenue",232,,,73,"None",false,"active",2022-05-10T01:58:08Z,2020-07-06T19:16:05Z,5,11,,,,false,false,false,false,false,true,false,false,false,2024-07-11T11:02:51Z
573,26000,"Finance Clearing","balancesheet","credit","non-closing account",false,false,false,"Other Current Liabilities",21,,,,"None",false,"active",2023-02-08T21:10:21Z,2020-07-06T19:31:03Z,5,29,,,,false,false,false,false,false,false,false,false,false,2024-07-11T11:02:51Z
574,42020,"Revenue - Adjustments (Contra)","incomestatement","debit","closing account",true,true,false,"Revenue - Other",229,,,73,"None",false,"active",2022-05-10T01:58:08Z,2020-07-06T19:38:42Z,5,11,,,,false,false,false,false,false,true,false,false,false,2024-07-11T11:02:51Z
575,65040,"Vendor Discounts","incomestatement","debit","closing account",true,true,false,"Credit Card and Other Service Expense",156,,,73,"None",false,"active",2020-07-06T19:48:09Z,2020-07-06T19:48:09Z,5,5,,,,false,false,false,false,false,false,false,false,false,2024-07-11T11:02:51Z
577,40040,"Revenue - Parts","incomestatement","credit","closing account",true,true,false,"Revenue - Services",222,,,73,"None",false,"active",2023-02-08T21:43:50Z,2020-07-06T21:05:09Z,5,29,,,,false,false,false,false,false,true,false,false,false,2024-07-11T11:02:51Z
578,40050,"Revenue - Materials","incomestatement","credit","closing account",true,true,false,"Revenue - Services",222,,,73,"None",false,"active",2023-02-08T21:44:04Z,2020-07-06T21:05:20Z,5,29,,,,false,false,false,false,false,true,false,false,false,2024-07-11T11:02:51Z
579,40060,"Revenue - Equipment","incomestatement","credit","closing account",true,true,false,"Revenue - Services",222,,,73,"None",false,"active",2023-02-08T21:44:14Z,2020-07-06T21:05:31Z,5,29,,,,false,false,false,false,false,true,false,false,false,2024-07-11T11:02:51Z
581,63070,"Shipping & Delivery","incomestatement","debit","closing account",true,true,false,"Office Supplies Expense",166,,,73,"None",false,"active",2020-08-21T15:35:11Z,2020-07-24T17:42:22Z,5,5,,,,false,false,false,false,false,false,false,false,false,2024-07-11T11:02:51Z
582,14100,"Inventory - Consignment","balancesheet","debit","non-closing account",false,false,false,"Inventory",5,,,,"None",false,"active",2022-05-10T01:58:07Z,2020-09-01T16:25:12Z,5,11,,,,false,false,false,false,false,false,false,false,false,2024-07-11T11:02:51Z
1286,10010,"Checking Account - Pinnacle - Huntington","balancesheet","debit","non-closing account",false,false,false,"Cash and Cash Equivalents",50,,,,"None",false,"active",2023-06-30T15:56:10Z,2022-05-10T01:58:07Z,11,72,,,,false,false,false,false,false,false,false,false,false,2024-07-11T11:02:51Z
1287,10020,"Checking Account - Reliant - Huntington","balancesheet","debit","non-closing account",false,false,false,"Cash and Cash Equivalents",50,,,,"None",false,"active",2023-06-30T15:56:10Z,2022-05-10T01:58:07Z,11,72,,,,false,false,false,false,false,false,false,false,false,2024-07-11T11:02:51Z
1288,10030,"Checking Account - CMG - Huntington","balancesheet","debit","non-closing account",false,false,false,"Cash and Cash Equivalents",50,,,,"None",false,"active",2023-06-30T15:56:10Z,2022-05-10T01:58:07Z,11,72,,,,false,false,false,false,false,false,false,false,false,2024-07-11T11:02:51Z
1289,10040,"Checking Account - Expert - Huntington","balancesheet","debit","non-closing account",false,false,false,"Cash and Cash Equivalents",50,,,,"None",false,"active",2023-06-30T15:56:11Z,2022-05-10T01:58:07Z,11,72,,,,false,false,false,false,false,false,false,false,false,2024-07-11T11:02:51Z
1290,10050,"Checking Account - Heatcraft - Huntington","balancesheet","debit","non-closing account",false,false,false,"Cash and Cash Equivalents",50,,,,"None",false,"active",2023-06-30T15:56:11Z,2022-05-10T01:58:07Z,11,72,,,,false,false,false,false,false,false,false,false,false,2024-07-11T11:02:51Z
1291,10060,"Checking Account - Family - Huntington","balancesheet","debit","non-closing account",false,false,false,"Cash and Cash Equivalents",50,,,,"None",false,"active",2023-06-30T15:56:11Z,2022-05-10T01:58:07Z,11,72,,,,false,false,false,false,false,false,false,false,false,2024-07-11T11:02:51Z
1292,10070,"Checking Account - QMI - Huntington","balancesheet","debit","non-closing account",false,false,false,"Cash and Cash Equivalents",50,,,,"None",false,"active",2023-06-30T15:56:11Z,2022-05-10T01:58:07Z,11,72,,,,false,false,false,false,false,false,false,false,false,2024-07-11T11:02:51Z
1293,10071,"Checking Account - QMI - Fifth Third #1","balancesheet","debit","non-closing account",false,false,false,"Cash and Cash Equivalents",50,,,,"None",false,"active",2023-06-30T15:56:11Z,2022-05-10T01:58:07Z,11,72,,,,false,false,false,false,false,false,false,false,false,2024-07-11T11:02:51Z
1294,10072,"Checking Account - QMI - Fifth Third #2","balancesheet","debit","non-closing account",false,false,false,"Cash and Cash Equivalents",50,,,,"None",false,"active",2023-06-30T15:56:11Z,2022-05-10T01:58:07Z,11,72,,,,false,false,false,false,false,false,false,false,false,2024-07-11T11:02:51Z
1295,10073,"Checking Account - QMI - Fifth Third #3","balancesheet","debit","non-closing account",false,false,false,"Cash and Cash Equivalents",50,,,,"None",false,"active",2023-06-30T15:56:11Z,2022-05-10T01:58:07Z,11,72,,,,false,false,false,false,false,false,false,false,false,2024-07-11T11:02:51Z
1296,10800,"Savings Accounts","balancesheet","debit","non-closing account",false,false,false,"Cash and Cash Equivalents",50,,,,"None",false,"active",2022-05-10T01:58:07Z,2022-05-10T01:58:07Z,11,11,,,,false,false,false,false,false,false,false,false,false,2024-07-11T11:02:51Z
1297,10810,"Petty Cash","balancesheet","debit","non-closing account",false,false,false,"Cash and Cash Equivalents",50,,,,"None",false,"active",2022-05-10T01:58:07Z,2022-05-10T01:58:07Z,11,11,,,,false,false,false,false,false,false,false,false,false,2024-07-11T11:02:51Z
1298,11200,"Accounts Receivable - Retainage","balancesheet","debit","non-closing account",false,false,false,"Accounts Receivable",206,,,,"None",false,"active",2024-02-07T18:15:30Z,2022-05-10T01:58:07Z,11,79,,,,false,false,false,false,false,false,false,false,false,2024-07-11T11:02:51Z
1299,12010,"IC - Due to/from Pinnacle - QMI","balancesheet","debit","non-closing account",false,false,false,"Intercompany Receivable",56,,,,"None",false,"active",2023-06-30T15:56:11Z,2022-05-10T01:58:07Z,11,72,,,,false,false,false,false,false,false,false,false,false,2024-07-11T11:02:51Z
1300,12020,"IC - Due to/from Pinnacle - Reliant","balancesheet","debit","non-closing account",false,false,false,"Intercompany Receivable",56,,,,"None",false,"active",2023-06-30T15:56:11Z,2022-05-10T01:58:07Z,11,72,,,,false,false,false,false,false,false,false,false,false,2024-07-11T11:02:51Z
1301,12030,"IC - Due to/from Pinnacle - CMG","balancesheet","debit","non-closing account",false,false,false,"Intercompany Receivable",56,,,,"None",false,"active",2023-06-30T15:56:11Z,2022-05-10T01:58:07Z,11,72,,,,false,false,false,false,false,false,false,false,false,2024-07-11T11:02:51Z
1302,12040,"IC - Due to/from Pinnacle - Expert","balancesheet","debit","non-closing account",false,false,false,"Intercompany Receivable",56,,,,"None",false,"active",2023-06-30T15:56:11Z,2022-05-10T01:58:07Z,11,72,,,,false,false,false,false,false,false,false,false,false,2024-07-11T11:02:51Z
1303,12050,"IC - Due to/from Pinnacle - Family","balancesheet","debit","non-closing account",false,false,false,"Intercompany Receivable",56,,,,"None",false,"active",2023-06-30T15:56:11Z,2022-05-10T01:58:07Z,11,72,,,,false,false,false,false,false,false,false,false,false,2024-07-11T11:02:51Z
1304,12060,"IC - Due to/from Pinnacle - Parker-Arntz","balancesheet","debit","non-closing account",false,false,false,"Intercompany Receivable",56,,,,"None",false,"active",2023-06-30T15:56:11Z,2022-05-10T01:58:07Z,11,72,,,,false,false,false,false,false,false,false,false,false,2024-07-11T11:02:51Z
1305,12070,"IC - Due to/from Pinnacle - JetStream","balancesheet","debit","non-closing account",false,false,false,"Intercompany Receivable",56,,,,"None",false,"active",2023-11-03T01:58:35Z,2022-05-10T01:58:07Z,11,60,,,,false,false,false,false,false,false,false,false,false,2024-07-11T11:02:51Z
1306,12400,"IC - Due to/from Reliant/QMI","balancesheet","debit","non-closing account",false,false,false,"Intercompany Receivable",56,,,,"None",false,"active",2023-06-30T15:56:11Z,2022-05-10T01:58:07Z,11,72,,,,false,false,false,false,false,false,false,false,false,2024-07-11T11:02:51Z
1307,12410,"IC - Due to/from Reliant/Expert","balancesheet","debit","non-closing account",false,false,false,"Intercompany Receivable",56,,,,"None",false,"active",2023-06-30T15:56:11Z,2022-05-10T01:58:07Z,11,72,,,,false,false,false,false,false,false,false,false,false,2024-07-11T11:02:51Z
1308,12510,"IC ZBA - Due to/from Pinnacle - QMI","balancesheet","debit","non-closing account",false,false,false,"Intercompany Receivable",56,,,,"None",false,"active",2023-06-30T15:56:11Z,2022-05-10T01:58:07Z,11,72,,,,false,false,false,false,false,false,false,false,false,2024-07-11T11:02:51Z
1309,12520,"IC ZBA - Due to/from Pinnacle - Reliant","balancesheet","debit","non-closing account",false,false,false,"Intercompany Receivable",56,,,,"None",false,"active",2023-06-30T15:56:11Z,2022-05-10T01:58:07Z,11,72,,,,false,false,false,false,false,false,false,false,false,2024-07-11T11:02:51Z
1310,12530,"IC ZBA - Due to/from Pinnacle - CMG","balancesheet","debit","non-closing account",false,false,false,"Intercompany Receivable",56,,,,"None",false,"active",2023-06-30T15:56:11Z,2022-05-10T01:58:07Z,11,72,,,,false,false,false,false,false,false,false,false,false,2024-07-11T11:02:51Z
1311,12540,"IC ZBA - Due to/from Pinnacle - Expert","balancesheet","debit","non-closing account",false,false,false,"Intercompany Receivable",56,,,,"None",false,"active",2023-06-30T15:56:11Z,2022-05-10T01:58:07Z,11,72,,,,false,false,false,false,false,false,false,false,false,2024-07-11T11:02:51Z
1312,12550,"IC ZBA - Due to/from Pinnacle - Family","balancesheet","debit","non-closing account",false,false,false,"Intercompany Receivable",56,,,,"None",false,"active",2023-06-30T15:56:11Z,2022-05-10T01:58:07Z,11,72,,,,false,false,false,false,false,false,false,false,false,2024-07-11T11:02:51Z
1313,12560,"IC ZBA - Due to/from Pinnacle - Parker-Arntz","balancesheet","debit","non-closing account",false,false,false,"Intercompany Receivable",56,,,,"None",false,"active",2023-06-30T15:56:11Z,2022-05-10T01:58:07Z,11,72,,,,false,false,false,false,false,false,false,false,false,2024-07-11T11:02:51Z
1314,12570,"IC ZBA - Due to/from Pinnacle - JetStream","balancesheet","debit","non-closing account",false,false,false,"Intercompany Receivable",56,,,,"None",false,"active",2023-11-03T01:58:56Z,2022-05-10T01:58:07Z,11,60,,,,false,false,false,false,false,false,false,false,false,2024-07-11T11:02:51Z
1315,13010,"Prepaid Property Taxes","balancesheet","debit","non-closing account",false,false,false,"Prepaid Expenses",54,,,,"None",false,"active",2022-05-10T01:58:07Z,2022-05-10T01:58:07Z,11,11,,,,false,false,false,false,false,false,false,false,false,2024-07-11T11:02:51Z
1316,13020,"Prepaid Employee Benefits","balancesheet","debit","non-closing account",false,false,false,"Prepaid Expenses",54,,,,"None",false,"active",2022-05-10T01:58:07Z,2022-05-10T01:58:07Z,11,11,,,,false,false,false,false,false,false,false,false,false,2024-07-11T11:02:51Z
1317,13030,"Prepaid - Other","balancesheet","debit","non-closing account",false,false,false,"Prepaid Expenses",54,,,,"None",false,"active",2022-05-10T01:58:07Z,2022-05-10T01:58:07Z,11,11,,,,false,false,false,false,false,false,false,false,false,2024-07-11T11:02:51Z
1318,13040,"Deposit","balancesheet","debit","non-closing account",false,false,false,"Other Current Assets",57,,,,"None",false,"active",2022-10-11T14:57:00Z,2022-05-10T01:58:07Z,11,29,,,,false,false,false,false,false,false,false,false,false,2024-07-11T11:02:51Z
1319,13050,"Deposit - Permits and Bonds","balancesheet","debit","non-closing account",false,false,false,"Other Current Assets",57,,,,"None",false,"active",2022-10-11T14:57:36Z,2022-05-10T01:58:07Z,11,29,,,,false,false,false,false,false,false,false,false,false,2024-07-11T11:02:51Z
1320,13800,"Related Party Receivables","balancesheet","debit","non-closing account",false,false,false,"Accounts Receivable",206,,,,"None",false,"active",2022-05-10T15:25:37Z,2022-05-10T01:58:07Z,11,11,,,,false,false,false,false,false,false,false,false,false,2024-07-11T11:02:51Z
1321,13900,"Other Receivables","balancesheet","debit","non-closing account",false,false,false,"Accounts Receivable",206,,,,"None",false,"active",2022-05-10T15:25:50Z,2022-05-10T01:58:07Z,11,11,,,,false,false,false,false,false,false,false,false,false,2024-07-11T11:02:51Z
1322,14950,"Other Current Assets","balancesheet","debit","non-closing account",false,false,false,"Other Current Assets",57,,,,"None",false,"active",2022-05-10T01:58:07Z,2022-05-10T01:58:07Z,11,11,,,,false,false,false,false,false,false,false,false,false,2024-07-11T11:02:51Z
1323,15070,"Buildings","balancesheet","debit","non-closing account",false,false,false,"Fixed Assets",58,,,,"None",false,"active",2022-05-10T01:58:07Z,2022-05-10T01:58:07Z,11,11,,,,false,false,false,false,false,false,false,false,false,2024-07-11T11:02:51Z
1324,16070,"Accum Depr - Building","balancesheet","credit","non-closing account",false,false,false,"Accumulated Depreciation",10,,,,"None",false,"active",2023-02-08T21:06:22Z,2022-05-10T01:58:07Z,11,29,,,,false,false,false,false,false,false,false,false,false,2024-07-11T11:02:51Z
1325,18011,"Accumulated Amortization - Goodwill","balancesheet","credit","non-closing account",false,false,false,"Accumulated Amortization",132,,,,"None",false,"active",2023-02-08T21:06:37Z,2022-05-10T01:58:07Z,11,29,,,,false,false,false,false,false,false,false,false,false,2024-07-11T11:02:51Z
1326,18020,"Investments","balancesheet","debit","non-closing account",false,false,false,"Investment in Subsidiary",134,,,,"None",false,"active",2022-05-10T01:58:07Z,2022-05-10T01:58:07Z,11,11,,,,false,false,false,false,false,false,false,false,false,2024-07-11T11:02:51Z
1327,18030,"Non Compete","balancesheet","debit","non-closing account",false,false,false,"Investment in Subsidiary",134,,,,"None",false,"active",2022-05-10T01:58:07Z,2022-05-10T01:58:07Z,11,11,,,,false,false,false,false,false,false,false,false,false,2024-07-11T11:02:51Z
1328,20010,"Credit Cards Payable","balancesheet","debit","non-closing account",false,false,false,"Accounts Payable",207,,,,"None",false,"active",2022-05-10T01:58:07Z,2022-05-10T01:58:07Z,11,11,,,,false,false,false,false,false,false,false,false,false,2024-07-11T11:02:51Z
1329,20020,"Sales Tax Payable","balancesheet","debit","non-closing account",false,false,false,"Accounts Payable",207,,,,"None",false,"active",2022-05-10T01:58:07Z,2022-05-10T01:58:07Z,11,11,,,,false,false,false,false,false,false,false,false,false,2024-07-11T11:02:51Z
1330,20100,"Accrued Payroll","balancesheet","credit","non-closing account",false,false,false,"Accrued Liabilities",65,,,,"None",false,"active",2023-02-08T21:06:59Z,2022-05-10T01:58:07Z,11,29,,,,false,false,false,false,false,false,false,false,false,2024-07-11T11:02:51Z
1331,20101,"Accrued Payroll Taxes","balancesheet","credit","non-closing account",false,false,false,"Accrued Taxes",66,,,,"None",false,"active",2023-02-08T21:07:09Z,2022-05-10T01:58:07Z,11,29,,,,false,false,false,false,false,false,false,false,false,2024-07-11T11:02:51Z
1332,20102,"Accrued Interest","balancesheet","credit","non-closing account",false,false,false,"Accrued Liabilities",65,,,,"None",false,"active",2023-02-08T21:07:20Z,2022-05-10T01:58:07Z,11,29,,,,false,false,false,false,false,false,false,false,false,2024-07-11T11:02:51Z
1333,20200,"Other Accrued Liabilities","balancesheet","credit","non-closing account",false,false,false,"Accrued Liabilities",65,,,,"None",false,"active",2023-02-08T21:07:37Z,2022-05-10T01:58:07Z,11,29,,,,false,false,false,false,false,false,false,false,false,2024-07-11T11:02:51Z
1334,23100,"ROU - Current Liability","balancesheet","credit","non-closing account",false,false,false,"Capital Lease - Current",127,,,,"None",false,"active",2023-02-08T20:57:33Z,2022-05-10T01:58:07Z,11,29,,,,false,false,false,false,false,false,false,false,false,2024-07-11T11:02:51Z
1335,23200,"Long-Term Debt - Current Portion","balancesheet","credit","non-closing account",false,false,false,"Loans - Long Term",140,,,,"None",false,"active",2023-02-08T21:08:40Z,2022-05-10T01:58:07Z,11,29,,,,false,false,false,false,false,false,false,false,false,2024-07-11T11:02:51Z
1336,23300,"Convertible Note","balancesheet","credit","non-closing account",false,false,false,"Loans - Long Term",140,,,,"None",false,"active",2023-02-08T21:08:50Z,2022-05-10T01:58:07Z,11,29,,,,false,false,false,false,false,false,false,false,false,2024-07-11T11:02:51Z
1337,23900,"Other Current Liabilities","balancesheet","credit","non-closing account",false,false,false,"Other Current Liabilities",21,,,,"None",false,"active",2023-02-08T21:09:04Z,2022-05-10T01:58:07Z,11,29,,,,false,false,false,false,false,false,false,false,false,2024-07-11T11:02:51Z
1338,27000,"Long Term Debt","balancesheet","credit","non-closing account",false,false,false,"Loans - Long Term",140,,,,"None",false,"active",2023-02-08T21:10:34Z,2022-05-10T01:58:07Z,11,29,,,,false,false,false,false,false,false,false,false,false,2024-07-11T11:02:51Z
1339,27100,"Debt Issuance Cost","balancesheet","credit","non-closing account",false,false,false,"Loans - Long Term",140,,,,"None",false,"active",2023-09-21T17:34:04Z,2022-05-10T01:58:07Z,11,60,,,,false,false,false,false,false,false,false,false,false,2024-07-11T11:02:51Z
1340,27200,"Seller Notes","balancesheet","credit","non-closing account",false,false,false,"Loans - Long Term",140,,,,"None",false,"active",2023-02-08T21:10:58Z,2022-05-10T01:58:07Z,11,29,,,,false,false,false,false,false,false,false,false,false,2024-07-11T11:02:51Z
1341,27300,"Notes Payable","balancesheet","credit","non-closing account",false,false,false,"Loans - Long Term",140,,,,"None",false,"active",2023-02-08T21:12:10Z,2022-05-10T01:58:07Z,11,29,,,,false,false,false,false,false,false,false,false,false,2024-07-11T11:02:51Z
1342,27400,"Convertible Note - Current Portion","balancesheet","credit","non-closing account",false,false,false,"Loans - Long Term",140,,,,"None",false,"active",2023-02-08T21:12:20Z,2022-05-10T01:58:07Z,11,29,,,,false,false,false,false,false,false,false,false,false,2024-07-11T11:02:51Z
1343,27500,"Other Long Term Liabilities","balancesheet","credit","non-closing account",false,false,false,"Loans - Long Term",140,,,,"None",false,"active",2023-02-08T21:12:31Z,2022-05-10T01:58:07Z,11,29,,,,false,false,false,false,false,false,false,false,false,2024-07-11T11:02:51Z
1344,38000,"Opening Balance Equity","balancesheet","credit","non-closing account",false,false,false,"Partners Equity",191,,,,"None",false,"active",2023-02-08T21:12:43Z,2022-05-10T01:58:07Z,11,29,,,,false,false,false,false,false,false,false,false,false,2024-07-11T11:02:51Z
1345,38100,"Net Income","balancesheet","credit","non-closing account",false,false,false,"Retained Earnings",27,,,,"None",true,"inactive",2022-10-27T12:57:53Z,2022-05-10T01:58:07Z,11,29,,,,false,false,false,false,false,false,false,false,false,2024-07-11T11:02:51Z
1346,38200,"Shareholder Contributions","balancesheet","credit","non-closing account",false,false,false,"Preferred Stock",24,,,,"None",false,"active",2023-02-08T21:13:00Z,2022-05-10T01:58:07Z,11,29,,,,false,false,false,false,false,false,false,false,false,2024-07-11T11:02:51Z
1347,38300,"Shareholder Distributions","balancesheet","credit","non-closing account",false,false,false,"Preferred Stock",24,,,,"None",false,"active",2023-02-08T21:13:10Z,2022-05-10T01:58:07Z,11,29,,,,false,false,false,false,false,false,false,false,false,2024-07-11T11:02:51Z
1348,38400,"Additional Paid-In Capital","balancesheet","credit","non-closing account",false,false,false,"Additional Paid in Capital",78,,,,"None",false,"active",2022-05-10T15:24:11Z,2022-05-10T01:58:08Z,11,11,,,,false,false,false,false,false,false,false,false,false,2024-07-11T11:02:51Z
1349,38500,"Capital Stock","balancesheet","credit","non-closing account",false,false,false,"Capital Stock",77,,,,"None",false,"active",2023-02-08T21:13:22Z,2022-05-10T01:58:08Z,11,29,,,,false,false,false,false,false,false,false,false,false,2024-07-11T11:02:51Z
1350,38600,"Preferred Stock","balancesheet","credit","non-closing account",false,false,false,"Preferred Stock",24,,,,"None",false,"active",2023-02-08T21:13:37Z,2022-05-10T01:58:08Z,11,29,,,,false,false,false,false,false,false,false,false,false,2024-07-11T11:02:51Z
1351,38700,"Common Stock","balancesheet","credit","non-closing account",false,false,false,"Common Stock",23,,,,"None",false,"active",2023-02-08T21:13:47Z,2022-05-10T01:58:08Z,11,29,,,,false,false,false,false,false,false,false,false,false,2024-07-11T11:02:51Z
1352,38800,"Treasury Stock","balancesheet","credit","non-closing account",false,false,false,"Preferred Stock",24,,,,"None",false,"active",2022-05-10T15:24:04Z,2022-05-10T01:58:08Z,11,11,,,,false,false,false,false,false,false,false,false,false,2024-07-11T11:02:51Z
1353,38900,"Dividends Paid","balancesheet","debit","non-closing account",false,false,false,"Dividend Paid",204,,,,"None",false,"active",2022-05-10T15:28:54Z,2022-05-10T01:58:08Z,11,11,,,,false,false,false,false,false,false,false,false,false,2024-07-11T11:02:51Z
1354,50035,"COGS - Other Direct Labor/Subcontractors","incomestatement","debit","closing account",true,true,false,"Cost of Services Revenue",232,,,73,"None",false,"active",2022-10-05T16:22:19Z,2022-05-10T01:58:08Z,11,30,,,,false,false,false,false,false,false,false,false,false,2024-07-11T11:02:51Z
1355,50036,"COGS - Unapplied Labor","incomestatement","debit","closing account",true,true,false,"Cost of Services Revenue",232,,,73,"None",false,"active",2022-10-05T16:22:34Z,2022-05-10T01:58:08Z,11,30,,,,false,false,false,false,false,false,false,false,false,2024-07-11T11:02:51Z
1356,50250,"COGS - Freight","incomestatement","debit","closing account",true,true,false,"Cost of Services Revenue",232,,,73,"None",false,"active",2022-05-10T01:58:08Z,2022-05-10T01:58:08Z,11,11,,,,false,false,false,false,false,true,false,false,false,2024-07-11T11:02:51Z
1357,50260,"COGS - Vehicle Lease Expenses","incomestatement","debit","closing account",true,true,false,"Cost of Services Revenue",232,,,73,"None",false,"active",2023-10-30T16:14:26Z,2022-05-10T01:58:08Z,11,79,,,,false,false,false,false,false,true,false,false,false,2024-07-11T11:02:51Z
1358,50270,"COGS - Other Vehicle Expenses","incomestatement","debit","closing account",true,true,false,"Cost of Services Revenue",232,,,73,"None",false,"active",2022-05-10T01:58:08Z,2022-05-10T01:58:08Z,11,11,,,,false,false,false,false,false,true,false,false,false,2024-07-11T11:02:51Z
1359,50280,"COGS - Financing Fees","incomestatement","debit","closing account",true,true,false,"Cost of Services Revenue",232,,,73,"None",false,"active",2022-09-21T19:44:40Z,2022-05-10T01:58:08Z,11,22,,,,false,false,false,false,false,false,false,false,false,2024-07-11T11:02:51Z
1360,50240,"COGS - Fuel","incomestatement","debit","closing account",true,true,false,"Cost of Services Revenue",232,,,73,"None",false,"active",2022-07-06T12:45:05Z,2022-05-10T01:58:08Z,11,29,,,,false,false,false,false,false,true,false,false,false,2024-07-11T11:02:51Z
1361,51001,"COGS - Salaries & Wages OT","incomestatement","debit","closing account",true,true,false,"Cost of Services Revenue",232,,,73,"None",false,"active",2022-05-10T01:58:08Z,2022-05-10T01:58:08Z,11,11,,,,false,false,false,false,false,true,false,false,false,2024-07-11T11:02:51Z
1362,60200,"Newsletter","incomestatement","debit","closing account",true,true,false,"Professional Services Expense",168,,,73,"None",false,"active",2022-05-10T01:58:09Z,2022-05-10T01:58:09Z,11,11,,,,false,false,false,false,false,false,false,false,false,2024-07-11T11:02:51Z
1363,60300,"Newspaper","incomestatement","debit","closing account",true,true,false,"Professional Services Expense",168,,,73,"None",false,"active",2022-05-10T01:58:09Z,2022-05-10T01:58:09Z,11,11,,,,false,false,false,false,false,false,false,false,false,2024-07-11T11:02:51Z
1364,60400,"Sales Tools - Programs","incomestatement","debit","closing account",true,true,false,"Professional Services Expense",168,,,73,"None",false,"active",2022-05-10T01:58:09Z,2022-05-10T01:58:09Z,11,11,,,,false,false,false,false,false,false,false,false,false,2024-07-11T11:02:51Z
1366,61200,"Vehicle Maintenance","incomestatement","debit","closing account",true,true,false,"Automobile Expense",86,,,73,"None",false,"active",2022-05-10T01:58:09Z,2022-05-10T01:58:09Z,11,11,,,,false,false,false,false,false,false,false,false,false,2024-07-11T11:02:51Z
1367,61300,"Vehicles - Other","incomestatement","debit","closing account",true,true,false,"Automobile Expense",86,,,73,"None",false,"active",2023-05-24T20:37:39Z,2022-05-10T01:58:09Z,11,29,,,,false,false,false,false,false,false,false,false,false,2024-07-11T11:02:51Z
1368,62100,"Utilities","incomestatement","debit","closing account",true,true,false,"Utility Expense",177,,,73,"None",false,"active",2022-05-10T01:58:09Z,2022-05-10T01:58:09Z,11,11,,,,false,false,false,false,false,false,false,false,false,2024-07-11T11:02:51Z
1369,62200,"Facility Maintenance & Repairs","incomestatement","debit","closing account",true,true,false,"Repairs and Maintenance Expense",171,,,73,"None",false,"active",2022-05-10T15:23:23Z,2022-05-10T01:58:09Z,11,11,,,,false,false,false,false,false,false,false,false,false,2024-07-11T11:02:51Z
1370,62300,"Property Taxes","incomestatement","debit","closing account",true,true,false,"Taxes",115,,,73,"None",false,"active",2022-05-10T15:23:13Z,2022-05-10T01:58:09Z,11,11,,,,false,false,false,false,false,false,false,false,false,2024-07-11T11:02:51Z
1371,62400,"Facility Expenses - Other","incomestatement","debit","closing account",true,true,false,"Other Operating Expense",119,,,73,"None",false,"active",2022-05-10T15:23:07Z,2022-05-10T01:58:09Z,11,11,,,,false,false,false,false,false,false,false,false,false,2024-07-11T11:02:51Z
1372,63100,"Liability Insurance","incomestatement","debit","closing account",true,true,false,"Insurance Expense",161,,,73,"None",false,"active",2022-05-10T15:22:50Z,2022-05-10T01:58:09Z,11,11,,,,false,false,false,false,false,false,false,false,false,2024-07-11T11:02:51Z
1373,63200,"Insurance Expense - Other","incomestatement","debit","closing account",true,true,false,"Insurance Expense",161,,,73,"None",false,"active",2022-05-10T15:22:44Z,2022-05-10T01:58:09Z,11,11,,,,false,false,false,false,false,false,false,false,false,2024-07-11T11:02:51Z
1374,63400,"Office Supplies","incomestatement","debit","closing account",true,true,false,"Office Supplies Expense",166,,,73,"None",false,"active",2022-05-10T15:22:37Z,2022-05-10T01:58:09Z,11,11,,,,false,false,false,false,false,false,false,false,false,2024-07-11T11:02:51Z
1375,64000,"Office Software/Licenses","incomestatement","debit","closing account",true,true,false,"Software and Maintenance Expense",174,,,73,"None",false,"active",2023-05-18T02:08:57Z,2022-05-10T01:58:09Z,11,29,,,,false,false,false,false,false,false,false,false,false,2024-07-11T11:02:51Z
1376,64200,"Internet Fees","incomestatement","debit","closing account",true,true,false,"Telecommunication Expense",176,,,73,"None",false,"active",2022-05-10T15:22:14Z,2022-05-10T01:58:09Z,11,11,,,,false,false,false,false,false,false,false,false,false,2024-07-11T11:02:51Z
1377,64300,"Postage and Delivery","incomestatement","debit","closing account",true,true,false,"Postage and Delivery Expense",167,,,73,"None",false,"active",2022-05-10T15:21:58Z,2022-05-10T01:58:09Z,11,11,,,,false,false,false,false,false,false,false,false,false,2024-07-11T11:02:51Z
1378,64400,"Telephone","incomestatement","debit","closing account",true,true,false,"Telecommunication Expense",176,,,73,"None",false,"active",2022-05-10T15:21:52Z,2022-05-10T01:58:09Z,11,11,,,,false,false,false,false,false,false,false,false,false,2024-07-11T11:02:51Z
1379,64500,"Do Not Use","incomestatement","debit","closing account",true,true,false,"Repairs and Maintenance Expense",171,,,73,"None",false,"active",2023-07-07T17:25:53Z,2022-05-10T01:58:09Z,11,29,,,,false,false,false,false,false,false,false,false,false,2024-07-11T11:02:51Z
1380,64600,"Office Expense - Other","incomestatement","debit","closing account",true,true,false,"Office Supplies Expense",166,,,73,"None",false,"active",2022-05-10T15:21:41Z,2022-05-10T01:58:09Z,11,11,,,,false,false,false,false,false,false,false,false,false,2024-07-11T11:02:51Z
1381,65100,"Bad Debts","incomestatement","debit","closing account",true,true,false,"Bad Debt Expense",87,,,73,"None",false,"active",2022-05-10T15:21:16Z,2022-05-10T01:58:09Z,11,11,,,,false,false,false,false,false,false,false,false,false,2024-07-11T11:02:51Z
1382,65200,"Bank Fees","incomestatement","debit","closing account",true,true,false,"Finance Charges Expense",210,,,73,"None",false,"active",2022-05-10T15:21:10Z,2022-05-10T01:58:09Z,11,11,,,,false,false,false,false,false,false,false,false,false,2024-07-11T11:02:51Z
1383,65300,"Certifications and Licenses","incomestatement","debit","closing account",true,true,false,"Business Licenses and Permits Expense",148,,,73,"None",false,"active",2022-05-10T15:20:59Z,2022-05-10T01:58:09Z,11,11,,,,false,false,false,false,false,false,false,false,false,2024-07-11T11:02:51Z
1384,65400,"Depreciation","incomestatement","debit","closing account",false,false,false,"Depreciation Expense",157,,,73,"None",false,"active",2023-04-13T16:12:52Z,2022-05-10T01:58:09Z,11,29,,,,false,false,false,false,false,false,false,false,false,2024-07-11T11:02:51Z
1385,65500,"Donations","incomestatement","debit","closing account",true,true,false,"Charitable Contributions Expense",149,,,73,"None",false,"active",2022-05-10T15:23:37Z,2022-05-10T01:58:09Z,11,11,,,,false,false,false,false,false,false,false,false,false,2024-07-11T11:02:51Z
1386,65600,"Dues & Subscriptions","incomestatement","debit","closing account",true,true,false,"Dues and Subscriptions Expense",158,,,73,"None",false,"active",2022-05-10T15:24:16Z,2022-05-10T01:58:09Z,11,11,,,,false,false,false,false,false,false,false,false,false,2024-07-11T11:02:51Z
1387,65700,"Equipment Rentals","incomestatement","debit","closing account",true,true,false,"Equipment Rental Expense",160,,,73,"None",false,"active",2022-05-10T15:27:00Z,2022-05-10T01:58:09Z,11,11,,,,false,false,false,false,false,false,false,false,false,2024-07-11T11:02:51Z
1388,65800,"Fees","incomestatement","debit","closing account",true,true,false,"Finance Charges Expense",210,,,73,"None",false,"active",2022-05-10T15:24:54Z,2022-05-10T01:58:09Z,11,11,,,,false,false,false,false,false,false,false,false,false,2024-07-11T11:02:51Z
1389,65900,"Income Taxes","incomestatement","debit","closing account",true,true,false,"Taxes",115,,,73,"None",false,"active",2022-05-10T15:25:03Z,2022-05-10T01:58:09Z,11,11,,,,false,false,false,false,false,false,false,false,false,2024-07-11T11:02:51Z
1390,66100,"Management Fees","incomestatement","debit","closing account",true,true,false,"Management Fees Expense",195,,,73,"None",false,"active",2022-05-10T15:25:22Z,2022-05-10T01:58:09Z,11,11,,,,false,false,false,false,false,false,false,false,false,2024-07-11T11:02:51Z
1391,66200,"Merchant Deposit Fees","incomestatement","debit","closing account",true,true,false,"Finance Charges Expense",210,,,73,"None",false,"active",2022-05-10T15:25:16Z,2022-05-10T01:58:09Z,11,11,,,,false,false,false,false,false,false,false,false,false,2024-07-11T11:02:51Z
1392,66300,"Miscellaneous Operating Expenses","incomestatement","debit","closing account",true,true,false,"Miscellaneous Expense",165,,,73,"None",false,"active",2022-05-10T15:29:04Z,2022-05-10T01:58:09Z,11,11,,,,false,false,false,false,false,false,false,false,false,2024-07-11T11:02:51Z
1393,66400,"Professional Development","incomestatement","debit","closing account",true,true,false,"Education Expense",159,,,73,"None",false,"active",2022-05-10T15:26:27Z,2022-05-10T01:58:09Z,11,11,,,,false,false,false,false,false,false,false,false,false,2024-07-11T11:02:51Z
1394,66500,"Professional Fees","incomestatement","debit","closing account",true,true,false,"Professional Services Expense",168,,,73,"None",false,"active",2022-05-10T15:27:27Z,2022-05-10T01:58:09Z,11,11,,,,false,false,false,false,false,false,false,false,false,2024-07-11T11:02:51Z
1395,66600,"Repairs and Maintenance - Office Equipment","incomestatement","debit","closing account",true,true,false,"Repairs and Maintenance Expense",171,,,73,"None",false,"active",2022-05-10T15:28:27Z,2022-05-10T01:58:09Z,11,11,,,,false,false,false,false,false,false,false,false,false,2024-07-11T11:02:51Z
1396,66700,"Sales Taxes","incomestatement","debit","closing account",true,true,false,"Taxes",115,,,73,"None",false,"active",2022-05-10T15:27:57Z,2022-05-10T01:58:09Z,11,11,,,,false,false,false,false,false,false,false,false,false,2024-07-11T11:02:51Z
1397,66800,"Shop Supplies","incomestatement","debit","closing account",true,true,false,"Facility Expense",170,,,73,"None",false,"active",2022-05-10T15:27:50Z,2022-05-10T01:58:09Z,11,11,,,,false,false,false,false,false,false,false,false,false,2024-07-11T11:02:51Z
1398,66900,"Tools & Equipment","incomestatement","debit","closing account",false,false,false,"Equipment Rental Expense",160,,,73,"None",false,"active",2022-12-17T01:23:49Z,2022-05-10T01:58:09Z,11,29,,,,false,false,false,false,false,false,false,false,false,2024-07-11T11:02:51Z
1399,67100,"Uniforms","incomestatement","debit","closing account",true,true,false,"Facility Expense",170,,,73,"None",false,"active",2022-05-10T15:26:53Z,2022-05-10T01:58:09Z,11,11,,,,false,false,false,false,false,false,false,false,false,2024-07-11T11:02:51Z
1400,68100,"Wages & Salaries - Office","incomestatement","debit","closing account",true,true,false,"Payroll Expense",105,,,73,"None",false,"active",2022-05-10T01:58:09Z,2022-05-10T01:58:09Z,11,11,,,,false,false,false,false,false,false,false,false,false,2024-07-11T11:02:51Z
1401,68200,"Wages - Office - Overtime","incomestatement","debit","closing account",true,true,false,"Payroll Expense",105,,,73,"None",false,"active",2022-10-17T21:29:35Z,2022-05-10T01:58:09Z,11,29,,,,false,false,false,false,false,false,false,false,false,2024-07-11T11:02:51Z
1402,68300,"Commissions","incomestatement","debit","closing account",true,true,false,"Payroll Expense",105,,,73,"None",false,"active",2022-05-10T01:58:09Z,2022-05-10T01:58:09Z,11,11,,,,false,false,false,false,false,false,false,false,false,2024-07-11T11:02:51Z
1403,68400,"Bonuses","incomestatement","debit","closing account",true,true,false,"Payroll Expense",105,,,73,"None",false,"active",2022-05-10T01:58:09Z,2022-05-10T01:58:09Z,11,11,,,,false,false,false,false,false,false,false,false,false,2024-07-11T11:02:51Z
1404,68600,"Benefits","incomestatement","debit","closing account",true,true,false,"Payroll Expense",105,,,73,"None",false,"active",2022-05-10T01:58:09Z,2022-05-10T01:58:09Z,11,11,,,,false,false,false,false,false,false,false,false,false,2024-07-11T11:02:51Z
1405,68900,"Retirement Plan","incomestatement","debit","closing account",true,true,false,"Payroll Expense",105,,,73,"None",false,"active",2022-05-10T01:58:09Z,2022-05-10T01:58:09Z,11,11,,,,false,false,false,false,false,false,false,false,false,2024-07-11T11:02:51Z
1406,69100,"Payroll Expenses - Other","incomestatement","debit","closing account",true,true,false,"Payroll Expense",105,,,73,"None",false,"active",2022-05-10T01:58:09Z,2022-05-10T01:58:09Z,11,11,,,,false,false,false,false,false,false,false,false,false,2024-07-11T11:02:51Z
1407,70100,"Interest Income","incomestatement","credit","closing account",true,true,false,"Interest Income",187,,,73,"None",false,"active",2023-02-08T21:46:16Z,2022-05-10T01:58:09Z,11,29,,,,false,false,false,false,false,false,false,false,false,2024-07-11T11:02:51Z
1408,70200,"Gain/(Loss) on Disposal of Assets","incomestatement","credit","closing account",true,true,false,"Gain/Loss on Sales of Fixed Assets",178,,,73,"None",false,"active",2022-07-06T13:02:56Z,2022-05-10T01:58:09Z,11,29,,,,false,false,false,false,false,false,false,false,false,2024-07-11T11:02:51Z
1409,80100,"Interest Expense - Cash","incomestatement","debit","closing account",true,true,false,"Other Expenses",42,,,73,"None",false,"active",2022-05-10T01:58:09Z,2022-05-10T01:58:09Z,11,11,,,,false,false,false,false,false,false,false,false,false,2024-07-11T11:02:51Z
1410,80200,"Interest Expense - PIK","incomestatement","debit","closing account",true,true,false,"Other Expenses",42,,,73,"None",false,"active",2022-05-10T01:58:09Z,2022-05-10T01:58:09Z,11,11,,,,false,false,false,false,false,false,false,false,false,2024-07-11T11:02:51Z
1411,22700,"Payroll CA","balancesheet","credit","non-closing account",false,false,false,"Other Current Liabilities",21,,,,"None",false,"active",2022-06-28T20:41:19Z,2022-06-28T20:41:19Z,11,11,,,,false,false,false,false,false,false,false,false,false,2024-07-11T11:02:51Z
1412,63150,"Workers Comp Insurance","incomestatement","debit","closing account",true,true,false,"Insurance Expense",161,,,73,"None",false,"active",2022-06-28T20:43:26Z,2022-06-28T20:43:26Z,11,11,,,,false,false,false,false,false,false,false,false,false,2024-07-11T11:02:51Z
1413,20110,"Accrued Bonuses","balancesheet","credit","non-closing account",false,false,false,"Accrued Liabilities",65,,,,"None",false,"active",2022-07-05T17:01:49Z,2022-07-05T17:01:49Z,11,11,,,,false,false,false,false,false,false,false,false,false,2024-07-11T11:02:51Z
1414,50037,"COGS - Unapplied Labor OT","incomestatement","debit","closing account",true,true,false,"Cost of Services Revenue",232,,,73,"None",false,"active",2022-08-04T17:17:33Z,2022-07-06T21:11:49Z,29,11,,,,false,false,false,false,false,false,false,false,false,2024-07-11T11:02:51Z
1415,50038,"COGS - Unapplied Labor DBL Time","incomestatement","debit","closing account",true,true,false,"Cost of Services Revenue",232,,,73,"None",false,"active",2022-08-04T17:17:22Z,2022-07-06T21:13:25Z,29,11,,,,false,false,false,false,false,false,false,false,false,2024-07-11T11:02:51Z
1416,51002,"COGS - Salaries & Wages Dbl Time","incomestatement","debit","closing account",true,true,false,"Cost of Services Revenue",232,,,73,"None",false,"active",2022-08-04T17:17:07Z,2022-07-06T21:15:15Z,29,11,,,,false,false,false,false,false,false,false,false,false,2024-07-11T11:02:51Z
1417,66000,"Interest Expense","incomestatement","debit","closing account",true,true,false,"Interest Expense",188,,,73,"None",false,"active",2022-07-12T04:35:00Z,2022-07-07T13:23:37Z,29,11,,,,false,false,false,false,false,false,false,false,false,2024-07-11T11:02:51Z
1418,50031,"COGS - Direct Labor OT","incomestatement","debit","closing account",true,true,false,"Cost of Services Revenue",232,,,73,"None",false,"active",2022-08-04T17:17:50Z,2022-07-07T13:42:54Z,29,11,,,,false,false,false,false,false,false,false,false,false,2024-07-11T11:02:51Z
1419,50032,"COGS - Direct Labor DBL Time","incomestatement","debit","closing account",true,true,false,"Cost of Services Revenue",232,,,73,"None",false,"active",2022-08-04T17:17:40Z,2022-07-07T13:43:39Z,29,11,,,,false,false,false,false,false,false,false,false,false,2024-07-11T11:02:51Z
1420,60600,"Advertising","incomestatement","debit","closing account",true,true,false,"Advertising and Promotion Expense",145,,,73,"None",false,"active",2022-07-12T04:35:20Z,2022-07-12T04:35:20Z,11,11,,,,false,false,false,false,false,false,false,false,false,2024-07-11T11:02:51Z
1421,12051,"IC - TBD","balancesheet","debit","non-closing account",false,false,false,"Intercompany Receivable",56,,,,"None",false,"active",2022-10-27T12:55:03Z,2022-09-12T21:08:14Z,29,29,,,,false,false,false,false,false,false,false,false,false,2024-07-11T11:02:51Z
1422,22710,"Payroll CA - Taxes","balancesheet","credit","non-closing account",false,false,false,"Other Current Liabilities",21,,,,"None",false,"active",2023-02-21T15:49:02Z,2022-10-05T12:02:43Z,29,60,,,,false,false,false,false,false,false,false,false,false,2024-07-11T11:02:51Z
1423,10011,"Checking Account - Pinnacle cc - Huntington","balancesheet","debit","non-closing account",false,false,false,"Cash and Cash Equivalents",50,,,,"None",false,"active",2023-06-30T15:56:10Z,2022-10-11T14:53:34Z,29,72,,,,false,false,false,false,false,false,false,false,false,2024-07-11T11:02:51Z
1424,68201,"Wages - Office - DBL","incomestatement","debit","closing account",false,false,false,"Payroll Expense",105,,,73,"None",false,"active",2022-10-27T12:59:26Z,2022-10-17T21:29:05Z,29,29,,,,false,false,false,false,false,false,false,false,false,2024-07-11T11:02:51Z
1425,12041,"IC - Due to/from Pinnacle/Eastpointe","balancesheet","debit","non-closing account",false,false,false,"Intercompany Receivable",56,,,,"None",false,"active",2023-06-30T15:56:11Z,2022-10-18T21:46:59Z,29,72,,,,false,false,false,false,false,false,false,false,false,2024-07-11T11:02:51Z
1426,22701,"Payroll CA - 401k","balancesheet","credit","non-closing account",false,false,false,"Other Current Liabilities",21,,,,"None",false,"active",2023-02-21T15:49:28Z,2022-10-18T21:48:23Z,29,60,,,,false,false,false,false,false,false,false,false,false,2024-07-11T11:02:51Z
1427,22702,"Payroll CA - Other","balancesheet","credit","non-closing account",false,false,false,"Other Current Liabilities",21,,,,"None",false,"active",2023-02-21T15:48:36Z,2022-10-18T21:49:18Z,29,60,,,,false,false,false,false,false,false,false,false,false,2024-07-11T11:02:51Z
1428,50275,"COGS - Sales Tax","incomestatement","debit","closing account",true,true,false,"Cost of Services Revenue",232,,,73,"None",false,"inactive",2022-10-26T18:53:20Z,2022-10-25T15:13:55Z,11,11,,,,false,false,false,false,false,true,false,false,false,2024-07-11T11:02:51Z
1429,11500,"Costs in Excess of Billings","balancesheet","debit","non-closing account",false,false,false,"Accounts Receivable",206,,,,"None",false,"active",2022-10-28T00:03:10Z,2022-10-25T21:00:12Z,29,29,,,,false,false,false,false,false,false,false,false,false,2024-07-11T11:02:51Z
1430,20090,"Billings in Excess of Costs","balancesheet","credit","non-closing account",false,false,false,"Accrued Liabilities",65,,,,"None",false,"active",2022-10-27T12:55:29Z,2022-10-25T21:02:13Z,29,29,,,,false,false,false,false,false,false,false,false,false,2024-07-11T11:02:51Z
1431,50065,"COGS - Sales Tax","incomestatement","debit","closing account",true,true,false,"Cost of Services Revenue",232,,,73,"None",false,"active",2023-11-21T14:34:59Z,2022-10-26T15:12:57Z,29,79,,,,false,false,false,false,false,true,false,false,false,2024-07-11T11:02:51Z
1432,50500,"COGS - CC Processing Fees","incomestatement","debit","closing account",true,true,false,"Cost of Services Revenue",232,,,73,"None",false,"active",2023-11-21T14:35:16Z,2022-10-26T15:15:23Z,29,79,,,,false,false,false,false,false,true,false,false,false,2024-07-11T11:02:51Z
1433,20300,"Customer Deposits","balancesheet","credit","non-closing account",false,false,false,"Accounts Payable",207,,,,"None",false,"active",2022-10-28T17:53:14Z,2022-10-28T17:53:14Z,29,29,,,,false,false,false,false,false,false,false,false,false,2024-07-11T11:02:51Z
1434,10080,"Checking Account - Parker-Arntz - Huntington","balancesheet","debit","non-closing account",false,false,false,"Cash and Cash Equivalents",50,,,,"None",false,"active",2023-06-30T15:56:11Z,2022-11-01T12:45:45Z,29,72,,,,false,false,false,false,false,false,false,false,false,2024-07-11T11:02:51Z
1436,82000,"Intercompany Elimination-Domestic Consolidation","balancesheet","debit","non-closing account",false,false,false,"Intercompany Receivable",56,,,,"None",false,"active",2023-02-06T20:26:15Z,2022-11-15T17:32:52Z,30,11,,,,false,false,false,false,false,false,false,false,false,2024-07-11T11:02:51Z
1437,60700,"Website/Online Mkt","incomestatement","debit","closing account",true,true,false,"Advertising and Promotion Expense",145,,,73,"None",false,"active",2023-05-23T23:24:05Z,2022-11-17T20:35:24Z,29,29,,,,false,false,false,false,false,false,false,false,false,2024-07-11T11:02:51Z
1438,66505,"Professional Fees - Acquisitions","incomestatement","debit","closing account",false,false,false,"Professional Services Expense",168,,,73,"None",false,"active",2022-11-30T20:41:30Z,2022-11-17T23:06:00Z,29,29,,,,false,false,false,false,false,false,false,false,false,2024-07-11T11:02:51Z
1439,66350,"Operating System","incomestatement","debit","closing account",false,false,false,"Dues and Subscriptions Expense",158,,,73,"None",false,"active",2022-11-30T20:42:46Z,2022-11-17T23:06:35Z,29,29,,,,false,false,false,false,false,false,false,false,false,2024-07-11T11:02:51Z
1440,12541,"IC ZBA - Due to/from Pinnacle - Eastpoint","balancesheet","debit","non-closing account",false,false,false,"Accounts Receivable",206,,,,"None",false,"active",2023-06-30T15:56:11Z,2022-12-16T14:03:36Z,29,72,,,,false,false,false,false,false,false,false,false,false,2024-07-11T11:02:51Z
1441,10012,"Checking Account - Pinnacle - Modern Bank","balancesheet","debit","non-closing account",false,false,false,"Cash and Cash Equivalents",50,,,,"None",false,"active",2023-06-30T15:56:10Z,2023-02-01T15:49:01Z,29,72,,,,false,false,false,false,false,false,false,false,false,2024-07-11T11:02:51Z
1442,23020,"Line of Credit","balancesheet","credit","non-closing account",false,false,false,"Debts - Current",186,,,,"None",false,"active",2023-02-08T20:58:42Z,2023-02-08T20:58:42Z,29,29,,,,false,false,false,false,false,false,false,false,false,2024-07-11T11:02:51Z
1443,17100,"ROU - Asset","balancesheet","debit","non-closing account",false,false,false,"Other Assets",12,,,,"None",false,"active",2023-02-08T21:00:11Z,2023-02-08T21:00:11Z,29,29,,,,false,false,false,false,false,false,false,false,false,2024-07-11T11:02:51Z
1444,27490,"ROU - L.T. Liability","balancesheet","credit","non-closing account",false,false,false,"Capital Lease - Long Term",73,,,,"None",false,"active",2023-02-08T21:00:48Z,2023-02-08T21:00:48Z,29,29,,,,false,false,false,false,false,false,false,false,false,2024-07-11T11:02:51Z
1445,22703,"Payroll CA - FSA","balancesheet","credit","non-closing account",false,false,false,"Other Current Liabilities",21,,,,"None",false,"active",2023-07-10T16:05:17Z,2023-02-21T15:47:28Z,60,60,,,,false,false,false,false,false,false,false,false,false,2024-07-11T11:02:51Z
1446,20005,"Accounts Payable - I/C","balancesheet","credit","non-closing account",false,false,false,"Accounts Payable",207,,,,"None",false,"active",2023-03-28T00:47:56Z,2023-03-27T19:19:16Z,29,29,,,,false,false,false,false,false,false,false,false,false,2024-07-11T11:02:51Z
1447,11005,"Accounts Receivable - I/C","balancesheet","debit","non-closing account",false,false,false,"Accounts Receivable",206,,,,"None",false,"active",2023-03-28T00:48:56Z,2023-03-28T00:48:37Z,29,29,,,,false,false,false,false,false,false,false,false,false,2024-07-11T11:02:51Z
1448,65850,"HR-Recruitment","incomestatement","debit","closing account",false,false,false,"Other Operating Expense",119,,,73,"None",false,"active",2023-11-10T21:57:22Z,2023-04-12T17:57:05Z,60,60,,,,false,false,false,false,false,false,false,false,false,2024-07-11T11:02:51Z
1449,10013,"Checking Account - Pinnacle - FSA-HSA Huntington","balancesheet","debit","non-closing account",false,false,false,"Cash and Cash Equivalents",50,,,,"None",false,"active",2023-06-30T15:56:10Z,2023-04-25T14:10:41Z,60,72,,,,false,false,false,false,false,false,false,false,false,2024-07-11T11:02:51Z
1451,66150,"Meals & Entertainment","incomestatement","debit","closing account",false,false,false,"Meal and Entertainment Expense",164,,,73,"None",false,"active",2023-05-18T02:12:23Z,2023-05-18T02:12:23Z,29,29,,,,false,false,false,false,false,false,false,false,false,2024-07-11T11:02:51Z
1452,11400,"Accounts Receivable - Employees Tools","balancesheet","debit","non-closing account",false,false,false,"Accounts Receivable",206,,,,"None",false,"active",2023-05-19T15:21:41Z,2023-05-19T15:21:41Z,60,60,,,,false,false,false,false,false,false,false,false,false,2024-07-11T11:02:51Z
1453,50215,"COGS - Meals/Travel/Lodging","incomestatement","debit","closing account",true,true,false,"Cost of Goods Sold",33,,,73,"None",false,"active",2023-05-23T23:23:36Z,2023-05-19T16:34:13Z,60,29,,,,false,false,false,false,false,true,false,false,false,2024-07-11T11:02:51Z
1454,10811,"Petty Cash - Parker-Arntz","balancesheet","debit","non-closing account",false,false,false,"Cash and Cash Equivalents",50,,,,"None",false,"active",2023-06-08T19:36:12Z,2023-06-08T19:36:12Z,60,60,,,,false,false,false,false,false,false,false,false,false,2024-07-11T11:02:51Z
1455,38850,"Warrants","balancesheet","credit","non-closing account",false,false,false,,,,,,"None",false,"active",2023-07-18T16:30:32Z,2023-07-18T16:30:32Z,29,29,3,"E100","Pinnacle MEP Holdings",false,false,false,false,false,false,false,false,false,2024-07-11T11:02:51Z
1456,59500,"COGS - Discounts (Contra)","incomestatement","debit","closing account",true,true,false,"Cost of Goods Sold",33,,,73,"None",false,"active",2023-11-21T14:35:37Z,2023-07-19T21:00:51Z,29,79,,,,false,false,false,false,false,true,false,false,false,2024-07-11T11:02:51Z
1458,22704,"Payroll CA - FSA Dependent Care","balancesheet","credit","non-closing account",false,false,false,"Other Current Liabilities",21,,,,"None",false,"active",2023-08-16T16:44:23Z,2023-08-16T16:44:23Z,60,60,,,,false,false,false,false,false,false,false,false,false,2024-07-11T11:02:51Z
1459,43000,"Revenue - WIP","incomestatement","credit","closing account",true,true,false,"Revenue - Other",229,,,73,"None",false,"active",2023-08-17T13:02:37Z,2023-08-17T13:01:28Z,60,60,,,,false,false,false,false,false,false,false,false,false,2024-07-11T11:02:51Z
1460,12420,"IC - Due to/from Reliant/CMG","balancesheet","debit","non-closing account",false,false,false,"Intercompany Receivable",56,,,,"None",false,"active",2023-08-17T18:29:18Z,2023-08-17T18:29:18Z,60,60,,,,false,false,false,false,false,false,false,false,false,2024-07-11T11:02:51Z
1461,80010,"Ohio C.A.T. Tax","incomestatement","debit","closing account",false,true,false,"Taxes",115,,,73,"None",false,"active",2023-10-16T02:56:55Z,2023-10-06T20:40:30Z,60,60,,,,false,false,false,false,false,false,false,false,false,2024-07-11T11:02:51Z
1462,"H9000","Home Services Clearing Account","balancesheet","debit","non-closing account",false,false,false,,,,,,"None",false,"active",2023-10-17T10:16:01Z,2023-10-17T10:16:01Z,41,41,,,,false,false,false,false,false,false,false,false,false,2024-07-11T11:02:51Z
1463,91999,"Labor Cost Closing","balancesheet","credit","closed to account",false,false,false,,,,,,"None",false,"active",2023-11-20T20:10:55Z,2023-10-17T15:49:00Z,44,44,,,,false,false,false,false,false,false,false,false,false,2024-07-11T11:02:51Z
1464,91001,"Labor Cost - Billable","incomestatement","debit","closing account",false,false,false,,,,,1463,"None",false,"active",2023-10-17T15:49:03Z,2023-10-17T15:49:03Z,44,44,,,,false,false,false,false,false,false,false,false,false,2024-07-11T11:02:51Z
1465,91002,"Labor Cost - Non Billable","incomestatement","debit","closing account",false,false,false,,,,,1463,"None",false,"active",2023-10-17T15:49:19Z,2023-10-17T15:49:19Z,44,44,,,,false,false,false,false,false,false,false,false,false,2024-07-11T11:02:51Z
1466,91003,"Labor Cost Offset","incomestatement","credit","closing account",false,false,false,,,,,1463,"None",false,"active",2023-10-17T15:49:42Z,2023-10-17T15:49:42Z,44,44,,,,false,false,false,false,false,false,false,false,false,2024-07-11T11:02:51Z
1467,91004,"Labor Cost Variance","incomestatement","credit","closing account",false,false,false,,,,,1463,"None",false,"active",2023-10-17T15:49:57Z,2023-10-17T15:49:57Z,44,44,,,,false,false,false,false,false,false,false,false,false,2024-07-11T11:02:51Z
1472,91100,"Actual Billings","balancesheet","debit","non-closing account",false,false,false,,,,,,"None",false,"active",2023-10-23T16:50:43Z,2023-10-23T16:50:43Z,44,44,,,,false,false,false,false,false,false,false,false,false,2024-07-11T11:02:51Z
1473,91199,"Billings Offset","balancesheet","credit","non-closing account",false,false,false,,,,,,"None",false,"active",2023-10-23T16:51:14Z,2023-10-23T16:51:14Z,44,44,,,,false,false,false,false,false,false,false,false,false,2024-07-11T11:02:51Z
1474,12080,"IC - Due to/from Pinnacle - Swift Air","balancesheet","debit","non-closing account",false,false,false,"Intercompany Receivable",56,,,,"None",false,"active",2023-11-14T20:52:17Z,2023-11-14T20:52:17Z,60,60,,,,false,false,false,false,false,false,false,false,false,2024-07-11T11:02:51Z
1475,12580,"IC ZBA - Due to/from Pinnacle - Swift Air","balancesheet","debit","non-closing account",false,false,false,"Intercompany Receivable",56,,,,"None",false,"active",2023-11-14T20:53:06Z,2023-11-14T20:53:06Z,60,60,,,,false,false,false,false,false,false,false,false,false,2024-07-11T11:02:51Z
1476,91005,"Labor Cost - Regular","incomestatement","debit","closing account",false,false,false,,,,,1463,"None",false,"active",2023-11-20T20:10:38Z,2023-11-20T20:10:38Z,44,44,,,,false,false,false,false,false,false,false,false,false,2024-07-11T11:02:51Z
1477,91006,"Labor Cost - OT","incomestatement","debit","closing account",false,false,false,,,,,1463,"None",false,"active",2023-11-20T20:10:47Z,2023-11-20T20:10:47Z,44,44,,,,false,false,false,false,false,false,false,false,false,2024-07-11T11:02:51Z
1478,91007,"Labor Cost - DT","incomestatement","debit","closing account",false,false,false,,,,,1463,"None",false,"active",2023-11-20T20:10:55Z,2023-11-20T20:10:55Z,44,44,,,,false,false,false,false,false,false,false,false,false,2024-07-11T11:02:51Z
1479,18012,"Tradenames","balancesheet","debit","non-closing account",false,false,false,"Intangible Assets",11,,,,"None",false,"active",2024-01-24T19:26:29Z,2024-01-24T19:26:29Z,29,29,,,,false,false,false,false,false,false,false,false,false,2024-07-11T11:02:51Z
1480,18013,"Accumulated Amortization - Tradenames","balancesheet","credit","non-closing account",false,false,false,"Accumulated Amortization",132,,,,"None",false,"active",2024-01-24T20:01:03Z,2024-01-24T20:01:03Z,29,29,,,,false,false,false,false,false,false,false,false,false,2024-07-11T11:02:51Z
1481,10090,"Checking Account - Jetstream","balancesheet","debit","non-closing account",false,false,false,"Cash and Cash Equivalents",50,,,,"None",false,"active",2024-02-06T17:03:03Z,2024-02-06T17:03:03Z,29,29,,,,false,false,false,false,false,false,false,false,false,2024-07-11T11:02:51Z
1482,10100,"Checking Account - Swift Air","balancesheet","debit","non-closing account",false,false,false,"Cash and Cash Equivalents",50,,,,"None",false,"active",2024-02-06T17:03:23Z,2024-02-06T17:03:23Z,29,29,,,,false,false,false,false,false,false,false,false,false,2024-07-11T11:02:51Z
1483,10014,"Checking Account - Pinnacle - Huntington Premier Plus MMA","balancesheet","debit","non-closing account",false,false,false,"Cash and Cash Equivalents",50,,,,"None",false,"active",2024-03-06T18:35:20Z,2024-03-06T18:27:36Z,60,60,,,,false,false,false,false,false,false,false,false,false,2024-07-11T11:02:51Z
1484,49999,"Budget Revenue","incomestatement","credit","closing account",false,false,false,"Revenue - Other",229,,,73,"None",false,"active",2024-03-22T13:30:57Z,2024-03-22T11:43:20Z,29,79,,,,false,false,false,false,false,false,false,false,false,2024-07-11T11:02:51Z
1485,59999,"Budget - COGS","incomestatement","debit","closing account",false,false,false,"Cost of Services Revenue",232,,,73,"None",false,"active",2024-03-22T13:37:15Z,2024-03-22T11:59:04Z,29,79,,,,false,false,false,false,false,true,false,false,false,2024-07-11T11:02:51Z
1486,69999,"Budget - EBITDA","incomestatement","debit","closing account",false,false,false,,,,,73,"None",false,"active",2024-03-22T14:13:44Z,2024-03-22T12:00:01Z,29,79,,,,false,false,false,false,false,false,false,false,false,2024-07-11T11:02:51Z
1487,69998,"Budget - OPEX","incomestatement","debit","closing account",false,false,false,"Interest Expense",188,,,73,"None",false,"active",2024-03-22T14:22:10Z,2024-03-22T12:03:03Z,29,79,,,,false,false,false,false,false,false,false,false,false,2024-07-11T11:02:51Z
